JobLevel,avg_income,avg_attrition
1,2786,26.3351749539595
2,5502,9.73782771535581
3,9817,14.6788990825688
4,15503,4.71698113207547
5,19191,7.2463768115942
