OverTimeFlag,attrition_rate_pct,avg_wlb
0,10.4364326375712,2.77324478178368
1,30.5288461538462,2.73076923076923
