JobLevel,avg_years_since_promo,attrition_rate_pct,avg_training
1,1.19337016574586,26.3351749539595,2.80847145488029
2,1.88576779026217,9.73782771535581,2.81460674157303
3,3.35321100917431,14.6788990825688,2.84403669724771
4,4.83962264150943,4.71698113207547,2.55660377358491
5,4.59420289855072,7.2463768115942,2.84057971014493
