AgeBand,headcount,attritions,attrition_rate_pct
18-25,123,44,35.7723577235772
26-35,606,116,19.1419141914191
46+,273,34,12.4542124542125
36-45,468,43,9.18803418803419
