JobRole,headcount,attritions,attrition_rate_pct,avg_income
Sales Representative,83,33,39.7590361445783,2626
Laboratory Technician,259,62,23.9382239382239,3237
Human Resources,52,12,23.0769230769231,4235
Sales Executive,326,57,17.4846625766871,6924
Research Scientist,292,47,16.0958904109589,3239
Manufacturing Director,145,10,6.89655172413793,7295
Healthcare Representative,131,9,6.87022900763359,7528
Manager,102,5,4.90196078431373,17181
Research Director,80,2,2.5,16033
