Gender,attrition_rate_pct,headcount
Male,17.0068027210884,882
Female,14.7959183673469,588
